senator_id,name,full_name,birthdate,gender,race_ethnicity,education,committee_roles,religion
Adam_Schiff_CA,Adam Schiff,Adam Schiff,1960-06-22,Male,,"[{""degree"": ""BA"", ""institution"": ""stanford university"", ""year"": null}, {""degree"": ""JD"", ""institution"": ""harvard university"", ""year"": null}]","Senate Committee on Agriculture, Nutrition, and Forestry|Commodities, Derivatives, Risk Management, and Trade|Conservation, Forestry, Natural Resources, and Biotechnology|Senate Committee on Environment and Public Works|Clean Air, Climate, and Nuclear Innovation and Safety|Fisheries, Wildlife, and Water (Ranking Member)|Transportation and Infrastructure|Senate Committee on Small Business and Entrepreneurship|Senate Committee on the Judiciary|Antitrust, Competition Policy, and Consumer Rights|Intellectual Property (Ranking Member)|Privacy, Technology, and the Law|the Constitution",Jewish
Alan_Armstrong_OK,Alan Armstrong,Alan Armstrong,,,,,,
Alex_Padilla_CA,Alex Padilla,Alex Padilla,1973-03-22,Male,,"[{""degree"": ""BS"", ""institution"": ""massachusetts institute technology"", ""year"": null}]","Senate Committee on Energy and Natural Resources|Energy|Public Lands, Forests, and Mining|Water and Power|Senate Committee on Environment and Public Works|Clean Air, Climate, and Nuclear Innovation and Safety|Fisheries, Wildlife, and Water|Transportation and Infrastructure|Senate Committee on Rules and Administration (Ranking Member)|Senate Committee on the Budget|Senate Committee on the Judiciary|Federal Courts, Oversight, Agency Action, and Federal Rights|Border Security and Immigration (Ranking Member)|Privacy, Technology, and the Law|the Constitution|Joint Committee on Printing|Joint Committee of Congress on the Library",Catholic
Amy_Klobuchar_MN,Amy Klobuchar,Amy Klobuchar,1960-05-25,Female,,"[{""degree"": ""BA"", ""institution"": ""yale university"", ""year"": null}, {""degree"": ""JD"", ""institution"": ""university chicago"", ""year"": null}]","Senate Committee on Agriculture, Nutrition, and Forestry (Ranking Member)|Commodities, Derivatives, Risk Management, and Trade (Ex Officio)|Conservation, Forestry, Natural Resources, and Biotechnology (Ex Officio)|Food and Nutrition, Specialty Crops, Organics, and Research (Ex Officio)|Livestock, Dairy, Poultry, and Food Safety (Ex Officio)|Rural Development, Energy, and Credit (Ex Officio)|Senate Committee on Commerce, Science, and Transportation|Telecommunications and Media|Consumer Protection, Technology, and Data Privacy|Surface Transportation, Freight, Pipelines, and Safety|Senate Committee on Rules and Administration|Senate Committee on the Judiciary|Antitrust, Competition Policy, and Consumer Rights|Crime and Counterterrorism|Border Security and Immigration|Privacy, Technology, and the Law (Ranking Member)|Joint Committee of Congress on the Library|Joint Economic Committee",Congregationalist
Andy_Kim_NJ,Andy Kim,Andy Kim,1982-07-12,Male,,"[{""degree"": null, ""institution"": ""deep springs college"", ""year"": null}, {""degree"": ""BA"", ""institution"": ""university chicago"", ""year"": null}, {""degree"": null, ""institution"": ""magdalen college oxford"", ""year"": null}]","Senate Committee on Banking, Housing, and Urban Affairs|Financial Institutions and Consumer Protection|National Security and International Trade and Finance (Ranking Member)|Securities, Insurance, and Investment|Senate Committee on Commerce, Science, and Transportation|Aviation, Space, and Innovation|Telecommunications and Media|Surface Transportation, Freight, Pipelines, and Safety|Senate Committee on Health, Education, Labor, and Pensions|Education and the American Family|Primary Health and Retirement Security|Senate Committee on Homeland Security and Governmental Affairs|Permanent Subcommittee on Investigations|Disaster Management, District of Columbia, and Census (Ranking Member)|Senate Special Committee on Aging",Presbyterian
Angela_Alsobrooks_MD,Angela Alsobrooks,Angela Alsobrooks,1971-02-23,Female,,"[{""degree"": ""BA"", ""institution"": ""duke university"", ""year"": null}, {""degree"": ""JD"", ""institution"": ""university maryland baltimore"", ""year"": null}]","Senate Committee on Banking, Housing, and Urban Affairs|Financial Institutions and Consumer Protection|Housing, Transportation, and Community Development|Securities, Insurance, and Investment|Senate Committee on Environment and Public Works|Fisheries, Wildlife, and Water|Transportation and Infrastructure (Ranking Member)|Senate Committee on Health, Education, Labor, and Pensions|Education and the American Family|Employment and Workplace Safety|Senate Special Committee on Aging",Baptist
Angus_King_ME,Angus King,Angus King,1944-03-31,Male,,"[{""degree"": ""BA"", ""institution"": ""dartmouth college"", ""year"": null}, {""degree"": ""JD"", ""institution"": ""university virginia"", ""year"": null}]","Senate Committee on Armed Services|Airland|Seapower|Strategic Forces (Ranking Member)|Senate Committee on Energy and Natural Resources|Energy|National Parks (Ranking Member)|Public Lands, Forests, and Mining|Senate Committee on Veterans' Affairs|Senate Select Committee on Intelligence",Episcopalian
Ashley_Moody_FL,Ashley Moody,Ashley Moody,1975-03-28,Female,,"[{""degree"": ""BS"", ""institution"": ""university florida"", ""year"": null}, {""degree"": ""MS"", ""institution"": ""university florida"", ""year"": null}, {""degree"": ""JD"", ""institution"": ""university florida"", ""year"": null}, {""degree"": null, ""institution"": ""stetson university"", ""year"": null}]","Senate Committee on Health, Education, Labor, and Pensions|Education and the American Family|Primary Health and Retirement Security|Senate Committee on Homeland Security and Governmental Affairs|Disaster Management, District of Columbia, and Census|Border Management, Federal Workforce, and Regulatory Affairs|Senate Committee on the Judiciary|Antitrust, Competition Policy, and Consumer Rights|Border Security and Immigration|Intellectual Property|Privacy, Technology, and the Law|Joint Economic Committee|Senate Special Committee on Aging",
Ben_Ray_Lujan_NM,Ben Ray Lujan,Ben Ray Luján,1972-06-07,Male,,"[{""degree"": null, ""institution"": ""new mexico highlands university"", ""year"": null}]","Senate Committee on Agriculture, Nutrition, and Forestry|Conservation, Forestry, Natural Resources, and Biotechnology|Food and Nutrition, Specialty Crops, Organics, and Research (Ranking Member)|Rural Development, Energy, and Credit|Senate Committee on Commerce, Science, and Transportation|Telecommunications and Media (Ranking Member)|Consumer Protection, Technology, and Data Privacy|Surface Transportation, Freight, Pipelines, and Safety|Senate Committee on Finance|Energy, Natural Resources, and Infrastructure|Health Care|Taxation and IRS Oversight|Senate Committee on Indian Affairs|Senate Committee on the Budget|United States Senate Caucus on International Narcotics Control",Catholic
Bernie_Moreno_OH,Bernie Moreno,Bernie Moreno,1967-02-14,Male,,"[{""degree"": null, ""institution"": ""university michigan"", ""year"": null}]","Senate Committee on Banking, Housing, and Urban Affairs|Housing, Transportation, and Community Development|Securities, Insurance, and Investment|Senate Committee on Commerce, Science, and Transportation|Telecommunications and Media|Coast Guard, Maritime, and Fisheries|Science, Manufacturing, and Competitiveness|Surface Transportation, Freight, Pipelines, and Safety|Senate Committee on Homeland Security and Governmental Affairs|Permanent Subcommittee on Investigations|Border Management, Federal Workforce, and Regulatory Affairs|Senate Committee on the Budget|United States Senate Caucus on International Narcotics Control|Digital Assets",Catholic
Bernie_Sanders_VT,Bernie Sanders,Bernie Sanders,1941-09-08,Male,,"[{""degree"": null, ""institution"": ""brooklyn college"", ""year"": null}, {""degree"": ""BA"", ""institution"": ""university chicago"", ""year"": null}]","Senate Committee on Environment and Public Works|Chemical Safety, Waste Management, Environmental Justice, and Regulatory Oversight|Clean Air, Climate, and Nuclear Innovation and Safety|Fisheries, Wildlife, and Water|Senate Committee on Finance|Health Care|Social Security, Pensions, and Family Policy (Ranking Member)|Taxation and IRS Oversight|Senate Committee on Health, Education, Labor, and Pensions (Ranking Member)|Education and the American Family (Ex Officio)|Employment and Workplace Safety (Ex Officio)|Primary Health and Retirement Security (Ex Officio)|Senate Committee on the Budget|Senate Committee on Veterans' Affairs",Jewish
Bill_Cassidy_LA,Bill Cassidy,Bill Cassidy,1957-09-28,Male,,"[{""degree"": ""BS"", ""institution"": ""louisiana state university"", ""year"": null}, {""degree"": ""MD"", ""institution"": ""louisiana state university"", ""year"": null}]","Senate Committee on Energy and Natural Resources|Energy|National Parks|Water and Power|Senate Committee on Finance|Fiscal Responsibility and Economic Growth|Health Care|Taxation and IRS Oversight|Senate Committee on Health, Education, Labor, and Pensions (Chairman)|Education and the American Family (Ex Officio)|Employment and Workplace Safety (Ex Officio)|Primary Health and Retirement Security (Ex Officio)|Senate Committee on Veterans' Affairs",Protestant unspecified
Bill_Hagerty_TN,Bill Hagerty,Bill Hagerty,1959-08-14,Male,,"[{""degree"": ""BA"", ""institution"": ""vanderbilt university"", ""year"": null}, {""degree"": ""JD"", ""institution"": ""vanderbilt university"", ""year"": null}]","Senate Committee on Appropriations|Commerce, Justice, Science, and Related Agencies|Energy and Water Development|Financial Services and General Government (Chairman)|Department of Homeland Security|Military Construction, Veterans Affairs, and Related Agencies|State, Foreign Operations, and Related Programs|Senate Committee on Banking, Housing, and Urban Affairs|Financial Institutions and Consumer Protection|National Security and International Trade and Finance (Chairman)|Senate Committee on Foreign Relations|Multilateral International Development, Multilateral Institutions, and International Economic, Energy, and Environmental Policy|State Department and USAID Management, International Operations, and Bilateral International Development (Chairman)|Western Hemisphere, Transnational Crime, Civilian Security, Democracy, Human Rights, and Global Women's Issues|Senate Committee on Rules and Administration|Joint Committee on Printing|Digital Assets",Episcopalian
Brian_Schatz_HI,Brian Schatz,Brian Schatz,1972-10-20,Male,,"[{""degree"": ""BA"", ""institution"": ""pomona college"", ""year"": null}]","Senate Committee on Appropriations|Commerce, Justice, Science, and Related Agencies|Department of Defense|Departments of Labor, Health and Human Services, and Education, and Related Agencies|Military Construction, Veterans Affairs, and Related Agencies|State, Foreign Operations, and Related Programs (Ranking Member)|Transportation, Housing and Urban Development, and Related Agencies|Senate Committee on Commerce, Science, and Transportation|Telecommunications and Media|Consumer Protection, Technology, and Data Privacy|Coast Guard, Maritime, and Fisheries|Surface Transportation, Freight, Pipelines, and Safety|Senate Committee on Foreign Relations|East Asia, the Pacific, and International Cybersecurity Policy|Europe and Regional Security Cooperation|Multilateral International Development, Multilateral Institutions, and International Economic, Energy, and Environmental Policy|Senate Committee on Indian Affairs (Vice Chairman)|Senate Select Committee on Ethics",Jewish
Catherine_Cortez_Masto_NV,Catherine Cortez Masto,Catherine Cortez Masto,1964-03-29,Female,,"[{""degree"": ""BS"", ""institution"": ""university nevada reno"", ""year"": null}, {""degree"": ""JD"", ""institution"": ""gonzaga university"", ""year"": null}]","Senate Committee on Banking, Housing, and Urban Affairs|Financial Institutions and Consumer Protection (Ranking Member)|National Security and International Trade and Finance|Securities, Insurance, and Investment|Senate Committee on Energy and Natural Resources|Energy|Public Lands, Forests, and Mining (Ranking Member)|Water and Power|Senate Committee on Finance|Health Care|International Trade, Customs, and Global Competitiveness|Social Security, Pensions, and Family Policy|Senate Committee on Indian Affairs",Catholic
Chris_Coons_DE,Chris Coons,Chris Coons,1963-09-09,Male,,"[{""degree"": ""BA"", ""institution"": ""amherst college"", ""year"": null}, {""degree"": ""JD"", ""institution"": ""yale university"", ""year"": null}]","Senate Committee on Appropriations|Commerce, Justice, Science, and Related Agencies|Department of Defense (Ranking Member)|Energy and Water Development|Financial Services and General Government|State, Foreign Operations, and Related Programs|Transportation, Housing and Urban Development, and Related Agencies|Senate Committee on Foreign Relations|Africa and Global Health Policy|East Asia, the Pacific, and International Cybersecurity Policy (Ranking Member)|Multilateral International Development, Multilateral Institutions, and International Economic, Energy, and Environmental Policy|State Department and USAID Management, International Operations, and Bilateral International Development|Senate Committee on Small Business and Entrepreneurship|Senate Committee on the Judiciary|Crime and Counterterrorism|Border Security and Immigration|Intellectual Property|Privacy, Technology, and the Law|Senate Select Committee on Ethics (Vice Chairman)",Presbyterian
Chris_Murphy_CT,Chris Murphy,Chris Murphy,1973-08-03,Male,,"[{""degree"": ""BA"", ""institution"": ""williams college"", ""year"": null}, {""degree"": ""JD"", ""institution"": ""university connecticut"", ""year"": null}]","Senate Committee on Appropriations|Department of Defense|Department of Homeland Security (Ranking Member)|Departments of Labor, Health and Human Services, and Education, and Related Agencies|State, Foreign Operations, and Related Programs|Transportation, Housing and Urban Development, and Related Agencies|Senate Committee on Foreign Relations|Europe and Regional Security Cooperation (Ranking Member)|Near East, South Asia, Central Asia, and Counterterrorism|Western Hemisphere, Transnational Crime, Civilian Security, Democracy, Human Rights, and Global Women's Issues|Senate Committee on Health, Education, Labor, and Pensions|Employment and Workplace Safety|Primary Health and Retirement Security",Protestant unspecified
Chris_Van_Hollen_MD,Chris Van Hollen,Chris Van Hollen,1959-01-10,Male,,"[{""degree"": ""BA"", ""institution"": ""swarthmore college"", ""year"": null}, {""degree"": null, ""institution"": ""harvard university"", ""year"": null}, {""degree"": ""JD"", ""institution"": ""georgetown university"", ""year"": null}]","Senate Committee on Appropriations|Commerce, Justice, Science, and Related Agencies (Ranking Member)|Financial Services and General Government|Department of Homeland Security|Department of Interior, Environment, and Related Agencies|Transportation, Housing and Urban Development, and Related Agencies|Senate Committee on Banking, Housing, and Urban Affairs|Housing, Transportation, and Community Development|National Security and International Trade and Finance|Senate Committee on Foreign Relations|Africa and Global Health Policy|East Asia, the Pacific, and International Cybersecurity Policy|State Department and USAID Management, International Operations, and Bilateral International Development (Ranking Member)|Senate Committee on the Budget|Digital Assets",Episcopalian
Chuck_Grassley_IA,Chuck Grassley,Chuck Grassley,1933-09-17,Male,,"[{""degree"": ""BA"", ""institution"": ""university northern iowa"", ""year"": null}, {""degree"": ""MA"", ""institution"": ""university northern iowa"", ""year"": null}, {""degree"": null, ""institution"": ""university iowa"", ""year"": null}]","Senate Committee on Agriculture, Nutrition, and Forestry|Commodities, Derivatives, Risk Management, and Trade|Food and Nutrition, Specialty Crops, Organics, and Research|Rural Development, Energy, and Credit|Senate Committee on Finance|International Trade, Customs, and Global Competitiveness|Social Security, Pensions, and Family Policy (Chairman)|Taxation and IRS Oversight|Senate Committee on the Budget|Senate Committee on the Judiciary (Chairman)|Joint Committee on Taxation|United States Senate Caucus on International Narcotics Control",Baptist
Chuck_Schumer_NY,Chuck Schumer,Chuck Schumer,1950-11-23,Male,,"[{""degree"": ""BA"", ""institution"": ""harvard university"", ""year"": null}, {""degree"": ""JD"", ""institution"": ""harvard university"", ""year"": null}]",Senate Committee on Rules and Administration|Senate Select Committee on Intelligence (Ex Officio),Jewish
Cindy_Hyde-Smith_MS,Cindy Hyde-Smith,Cindy Hyde-Smith,1959-05-10,Female,,"[{""degree"": null, ""institution"": ""copiah\u2013lincoln community college"", ""year"": null}, {""degree"": ""BA"", ""institution"": ""university southern mississippi"", ""year"": null}]","Senate Committee on Agriculture, Nutrition, and Forestry|Commodities, Derivatives, Risk Management, and Trade (Chairman)|Conservation, Forestry, Natural Resources, and Biotechnology|Livestock, Dairy, Poultry, and Food Safety|Senate Committee on Appropriations|Agriculture, Rural Development, Food and Drug Administration, and Related Agencies|Energy and Water Development|Department of Homeland Security|Departments of Labor, Health and Human Services, and Education, and Related Agencies|Military Construction, Veterans Affairs, and Related Agencies|Transportation, Housing and Urban Development, and Related Agencies (Chairman)|Senate Committee on Energy and Natural Resources|Energy|Public Lands, Forests, and Mining|Senate Committee on Rules and Administration|Joint Committee of Congress on the Library",Baptist
Cory_Booker_NJ,Cory Booker,Cory Booker,1969-04-27,Male,,"[{""degree"": ""BA"", ""institution"": ""stanford university"", ""year"": null}, {""degree"": ""MA"", ""institution"": ""stanford university"", ""year"": null}, {""degree"": ""MA"", ""institution"": ""queen's college oxford"", ""year"": null}, {""degree"": ""JD"", ""institution"": ""yale university"", ""year"": null}]","Senate Committee on Agriculture, Nutrition, and Forestry|Commodities, Derivatives, Risk Management, and Trade (Ranking Member)|Food and Nutrition, Specialty Crops, Organics, and Research|Livestock, Dairy, Poultry, and Food Safety|Senate Committee on Foreign Relations|Africa and Global Health Policy (Ranking Member)|Europe and Regional Security Cooperation|Near East, South Asia, Central Asia, and Counterterrorism|Senate Committee on Small Business and Entrepreneurship|Senate Committee on the Judiciary|Antitrust, Competition Policy, and Consumer Rights (Ranking Member)|Crime and Counterterrorism|Border Security and Immigration|the Constitution",Baptist
Cynthia_Lummis_WY,Cynthia Lummis,Cynthia Lummis,1954-09-10,Female,,"[{""degree"": ""BS"", ""institution"": ""university wyoming"", ""year"": null}, {""degree"": ""JD"", ""institution"": ""university wyoming"", ""year"": null}]","Senate Committee on Banking, Housing, and Urban Affairs|Financial Institutions and Consumer Protection|Securities, Insurance, and Investment|Senate Committee on Commerce, Science, and Transportation|Telecommunications and Media|Consumer Protection, Technology, and Data Privacy|Science, Manufacturing, and Competitiveness|Senate Committee on Environment and Public Works|Clean Air, Climate, and Nuclear Innovation and Safety (Chairman)|Fisheries, Wildlife, and Water|Transportation and Infrastructure|Digital Assets (Chairman)",Lutheran
Dan_Sullivan_AK,Dan Sullivan,Dan Sullivan,1964-11-13,Male,,"[{""degree"": ""BA"", ""institution"": ""harvard university"", ""year"": null}, {""degree"": null, ""institution"": ""georgetown universitymsjd"", ""year"": null}]","Senate Committee on Armed Services|Airland|Readiness and Management Support (Chairman)|Seapower|Senate Committee on Commerce, Science, and Transportation|Telecommunications and Media|Coast Guard, Maritime, and Fisheries (Chairman)|Surface Transportation, Freight, Pipelines, and Safety|Senate Committee on Environment and Public Works|Chemical Safety, Waste Management, Environmental Justice, and Regulatory Oversight|Fisheries, Wildlife, and Water|Transportation and Infrastructure|Senate Committee on Veterans' Affairs",Catholic
Dave_McCormick_PA,Dave McCormick,Dave McCormick,1965-08-17,Male,,"[{""degree"": ""BS"", ""institution"": ""united states military academy"", ""year"": null}, {""degree"": ""MA"", ""institution"": ""princeton university"", ""year"": null}, {""degree"": ""PHD"", ""institution"": ""princeton university"", ""year"": null}]","Senate Committee on Banking, Housing, and Urban Affairs|Housing, Transportation, and Community Development|National Security and International Trade and Finance|Senate Committee on Energy and Natural Resources|Energy (Chairman)|Water and Power|Senate Committee on Foreign Relations|East Asia, the Pacific, and International Cybersecurity Policy|Multilateral International Development, Multilateral Institutions, and International Economic, Energy, and Environmental Policy|Near East, South Asia, Central Asia, and Counterterrorism (Chairman)|Joint Economic Committee|Senate Special Committee on Aging|Digital Assets",Presbyterian
Deb_Fischer_NE,Deb Fischer,Deb Fischer,1951-03-01,Female,,"[{""degree"": ""BS"", ""institution"": ""university nebraska\u2013lincoln"", ""year"": null}]","Senate Committee on Agriculture, Nutrition, and Forestry|Livestock, Dairy, Poultry, and Food Safety|Rural Development, Energy, and Credit|Senate Committee on Appropriations|Agriculture, Rural Development, Food and Drug Administration, and Related Agencies|Commerce, Justice, Science, and Related Agencies|Financial Services and General Government|Department of Interior, Environment, and Related Agencies|Legislative Branch|Military Construction, Veterans Affairs, and Related Agencies|Senate Committee on Armed Services|Airland|Readiness and Management Support|Strategic Forces (Chairman)|Senate Committee on Commerce, Science, and Transportation|Telecommunications and Media (Chairman)|Consumer Protection, Technology, and Data Privacy|Surface Transportation, Freight, Pipelines, and Safety|Senate Committee on Rules and Administration|Joint Committee on Printing|Joint Committee of Congress on the Library|Senate Select Committee on Ethics",Presbyterian
Dick_Durbin_IL,Dick Durbin,Dick Durbin,1944-11-21,Male,,"[{""degree"": ""BS"", ""institution"": ""georgetown university"", ""year"": null}, {""degree"": ""JD"", ""institution"": ""georgetown university"", ""year"": null}]","Senate Committee on Agriculture, Nutrition, and Forestry|Commodities, Derivatives, Risk Management, and Trade|Livestock, Dairy, Poultry, and Food Safety|Senate Committee on Appropriations|Department of Defense|Energy and Water Development|Financial Services and General Government|Departments of Labor, Health and Human Services, and Education, and Related Agencies|State, Foreign Operations, and Related Programs|Transportation, Housing and Urban Development, and Related Agencies|Senate Committee on the Judiciary (Ranking Member)|Crime and Counterterrorism (Ranking Member)",Catholic
Ed_Markey_MA,Ed Markey,Ed Markey,1946-07-11,Male,,"[{""degree"": ""BA"", ""institution"": ""boston college"", ""year"": null}, {""degree"": ""JD"", ""institution"": ""boston college"", ""year"": null}]","Senate Committee on Commerce, Science, and Transportation|Telecommunications and Media|Consumer Protection, Technology, and Data Privacy|Surface Transportation, Freight, Pipelines, and Safety|Senate Committee on Environment and Public Works|Chemical Safety, Waste Management, Environmental Justice, and Regulatory Oversight|Clean Air, Climate, and Nuclear Innovation and Safety|Transportation and Infrastructure|Senate Committee on Health, Education, Labor, and Pensions|Education and the American Family|Primary Health and Retirement Security (Ranking Member)|Senate Committee on Small Business and Entrepreneurship (Ranking Member)",Catholic
Elissa_Slotkin_MI,Elissa Slotkin,Elissa Slotkin,1976-07-10,Female,,"[{""degree"": ""BA"", ""institution"": ""cornell university"", ""year"": null}, {""degree"": null, ""institution"": ""columbia university"", ""year"": null}]","Senate Committee on Agriculture, Nutrition, and Forestry|Commodities, Derivatives, Risk Management, and Trade|Livestock, Dairy, Poultry, and Food Safety (Ranking Member)|Senate Committee on Armed Services|Airland|Cybersecurity|Emerging Threats and Capabilities (Ranking Member)|Senate Committee on Homeland Security and Governmental Affairs|Disaster Management, District of Columbia, and Census|Border Management, Federal Workforce, and Regulatory Affairs|Senate Committee on Veterans' Affairs",Jewish
Elizabeth_Warren_MA,Elizabeth Warren,Elizabeth Warren,1949-06-22,Female,,"[{""degree"": null, ""institution"": ""george washington university"", ""year"": null}, {""degree"": ""BS"", ""institution"": ""university houston"", ""year"": null}, {""degree"": ""JD"", ""institution"": ""rutgers university"", ""year"": null}]","Senate Committee on Armed Services|Personnel (Ranking Member)|Readiness and Management Support|Strategic Forces|Senate Committee on Banking, Housing, and Urban Affairs (Ranking Member)|Economic Policy (Ex Officio)|Financial Institutions and Consumer Protection (Ex Officio)|Housing, Transportation, and Community Development (Ex Officio)|National Security and International Trade and Finance (Ex Officio)|Securities, Insurance, and Investment (Ex Officio)|Senate Committee on Finance|Health Care|International Trade, Customs, and Global Competitiveness|Taxation and IRS Oversight|Senate Special Committee on Aging|Digital Assets (Ex Officio)",Methodist
Eric_Schmitt_MO,Eric Schmitt,Eric Schmitt,1975-06-20,Male,,"[{""degree"": ""BA"", ""institution"": ""truman state university"", ""year"": null}, {""degree"": ""JD"", ""institution"": ""saint louis university"", ""year"": null}]","Senate Committee on Armed Services|Airland|Cybersecurity|Emerging Threats and Capabilities|Readiness and Management Support|Senate Committee on Commerce, Science, and Transportation|Aviation, Space, and Innovation|Telecommunications and Media|Science, Manufacturing, and Competitiveness|Surface Transportation, Freight, Pipelines, and Safety|Senate Committee on the Judiciary|Antitrust, Competition Policy, and Consumer Rights|Federal Courts, Oversight, Agency Action, and Federal Rights|Intellectual Property|the Constitution (Chairman)|Joint Economic Committee (Vice Chairman)",Catholic
Gary_Peters_MI,Gary Peters,Gary Peters,1958-12-01,Male,,"[{""degree"": ""BA"", ""institution"": ""alma college"", ""year"": null}, {""degree"": ""MBA"", ""institution"": ""university detroit mercy"", ""year"": null}, {""degree"": null, ""institution"": ""wayne state universityjdma"", ""year"": null}, {""degree"": ""MA"", ""institution"": ""michigan state university"", ""year"": null}]","Senate Committee on Appropriations|Agriculture, Rural Development, Food and Drug Administration, and Related Agencies|Commerce, Justice, Science, and Related Agencies|Energy and Water Development|Department of Homeland Security|Military Construction, Veterans Affairs, and Related Agencies|Senate Committee on Armed Services|Airland|Cybersecurity|Emerging Threats and Capabilities|Senate Committee on Commerce, Science, and Transportation|Telecommunications and Media|Coast Guard, Maritime, and Fisheries|Science, Manufacturing, and Competitiveness|Surface Transportation, Freight, Pipelines, and Safety (Ranking Member)|Senate Committee on Homeland Security and Governmental Affairs (Ranking Member)|Permanent Subcommittee on Investigations (Ex Officio)|Disaster Management, District of Columbia, and Census (Ex Officio)|Border Management, Federal Workforce, and Regulatory Affairs (Ex Officio)",Episcopalian
Jack_Reed_RI,Jack Reed,Jack Reed,1949-11-12,Male,,"[{""degree"": ""BS"", ""institution"": ""united states military academy"", ""year"": null}, {""degree"": null, ""institution"": ""harvard universitymppjd"", ""year"": null}]","Senate Committee on Appropriations|Commerce, Justice, Science, and Related Agencies|Department of Defense|Financial Services and General Government (Ranking Member)|Departments of Labor, Health and Human Services, and Education, and Related Agencies|Military Construction, Veterans Affairs, and Related Agencies|Transportation, Housing and Urban Development, and Related Agencies|Senate Committee on Armed Services (Ranking Member)|Airland (Ex Officio)|Cybersecurity (Ex Officio)|Emerging Threats and Capabilities (Ex Officio)|Personnel (Ex Officio)|Readiness and Management Support (Ex Officio)|Seapower (Ex Officio)|Strategic Forces (Ex Officio)|Senate Committee on Banking, Housing, and Urban Affairs|Economic Policy|Financial Institutions and Consumer Protection|Securities, Insurance, and Investment|Senate Select Committee on Intelligence (Ex Officio)",Catholic
Jacky_Rosen_NV,Jacky Rosen,Jacky Rosen,1957-08-02,Female,,"[{""degree"": ""BA"", ""institution"": ""university minnesota"", ""year"": null}, {""degree"": null, ""institution"": ""clark county community college"", ""year"": null}]","Senate Committee on Armed Services|Cybersecurity (Ranking Member)|Emerging Threats and Capabilities|Strategic Forces|Senate Committee on Commerce, Science, and Transportation|Aviation, Space, and Innovation|Telecommunications and Media|Science, Manufacturing, and Competitiveness|Senate Committee on Foreign Relations|Multilateral International Development, Multilateral Institutions, and International Economic, Energy, and Environmental Policy|Near East, South Asia, Central Asia, and Counterterrorism (Ranking Member)|Western Hemisphere, Transnational Crime, Civilian Security, Democracy, Human Rights, and Global Women's Issues|Senate Committee on Small Business and Entrepreneurship",Jewish
James_Lankford_OK,James Lankford,James Lankford,1968-03-04,Male,,"[{""degree"": ""BS"", ""institution"": ""university texas austin"", ""year"": null}, {""degree"": null, ""institution"": ""southwestern baptist theological seminary"", ""year"": null}]","Senate Committee on Finance|Energy, Natural Resources, and Infrastructure (Chairman)|Health Care|Taxation and IRS Oversight|Senate Committee on Homeland Security and Governmental Affairs|Permanent Subcommittee on Investigations|Border Management, Federal Workforce, and Regulatory Affairs (Chairman)|Senate Select Committee on Ethics (Chairman)|Senate Select Committee on Intelligence",Baptist
Jeanne_Shaheen_NH,Jeanne Shaheen,Jeanne Shaheen,1947-01-28,Female,,"[{""degree"": ""BA"", ""institution"": ""shippensburg university"", ""year"": null}, {""degree"": null, ""institution"": ""university mississippi"", ""year"": null}]","Senate Committee on Appropriations|Agriculture, Rural Development, Food and Drug Administration, and Related Agencies (Ranking Member)|Commerce, Justice, Science, and Related Agencies|Department of Defense|Department of Homeland Security|Departments of Labor, Health and Human Services, and Education, and Related Agencies|State, Foreign Operations, and Related Programs|Senate Committee on Armed Services|Emerging Threats and Capabilities|Readiness and Management Support|Seapower|Senate Committee on Foreign Relations (Ranking Member)|Africa and Global Health Policy (Ex Officio)|East Asia, the Pacific, and International Cybersecurity Policy (Ex Officio)|Europe and Regional Security Cooperation (Ex Officio)|Multilateral International Development, Multilateral Institutions, and International Economic, Energy, and Environmental Policy (Ex Officio)|Near East, South Asia, Central Asia, and Counterterrorism (Ex Officio)|State Department and USAID Management, International Operations, and Bilateral International Development (Ex Officio)|Western Hemisphere, Transnational Crime, Civilian Security, Democracy, Human Rights, and Global Women's Issues (Ex Officio)|Senate Committee on Small Business and Entrepreneurship|Senate Select Committee on Ethics|Commission on Security and Cooperation in Europe",Protestant unspecified
Jeff_Merkley_OR,Jeff Merkley,Jeff Merkley,1956-10-24,Male,,"[{""degree"": ""BA"", ""institution"": ""stanford university"", ""year"": null}, {""degree"": null, ""institution"": ""princeton university"", ""year"": null}]","Senate Committee on Appropriations|Agriculture, Rural Development, Food and Drug Administration, and Related Agencies|Commerce, Justice, Science, and Related Agencies|Energy and Water Development|Department of Interior, Environment, and Related Agencies (Ranking Member)|Departments of Labor, Health and Human Services, and Education, and Related Agencies|State, Foreign Operations, and Related Programs|Senate Committee on Environment and Public Works|Chemical Safety, Waste Management, Environmental Justice, and Regulatory Oversight (Ranking Member)|Clean Air, Climate, and Nuclear Innovation and Safety|Transportation and Infrastructure|Senate Committee on Foreign Relations|Africa and Global Health Policy|East Asia, the Pacific, and International Cybersecurity Policy|Western Hemisphere, Transnational Crime, Civilian Security, Democracy, Human Rights, and Global Women's Issues|Senate Committee on Rules and Administration|Senate Committee on the Budget (Ranking Member)|Joint Committee on Printing",Lutheran
Jerry_Moran_KS,Jerry Moran,Jerry Moran,1954-05-29,Male,,"[{""degree"": null, ""institution"": ""fort hays state university"", ""year"": null}, {""degree"": ""BS"", ""institution"": ""university kansas"", ""year"": null}, {""degree"": ""JD"", ""institution"": ""university kansas"", ""year"": null}]","Senate Committee on Agriculture, Nutrition, and Forestry|Commodities, Derivatives, Risk Management, and Trade|Rural Development, Energy, and Credit|Senate Committee on Appropriations|Agriculture, Rural Development, Food and Drug Administration, and Related Agencies|Commerce, Justice, Science, and Related Agencies (Chairman)|Department of Defense|Departments of Labor, Health and Human Services, and Education, and Related Agencies|State, Foreign Operations, and Related Programs|Transportation, Housing and Urban Development, and Related Agencies|Senate Committee on Commerce, Science, and Transportation|Aviation, Space, and Innovation (Chairman)|Telecommunications and Media|Consumer Protection, Technology, and Data Privacy|Senate Committee on Indian Affairs|Senate Committee on Veterans' Affairs (Chairman)|Senate Select Committee on Intelligence",Protestant unspecified
Jim_Banks_IN,Jim Banks,Jim Banks,1979-07-16,Male,,"[{""degree"": ""BA"", ""institution"": ""indiana university bloomington"", ""year"": null}, {""degree"": ""MBA"", ""institution"": ""grace college seminary"", ""year"": null}]","Senate Committee on Armed Services|Personnel|Seapower|Strategic Forces|Senate Committee on Banking, Housing, and Urban Affairs|Economic Policy|National Security and International Trade and Finance|Securities, Insurance, and Investment|Senate Committee on Health, Education, Labor, and Pensions|Education and the American Family|Employment and Workplace Safety|Primary Health and Retirement Security|Senate Committee on Veterans' Affairs",Protestant unspecified
Jim_Justice_WV,Jim Justice,Jim Justice,1951-04-27,Male,,"[{""degree"": null, ""institution"": ""university tennessee"", ""year"": null}, {""degree"": ""BA"", ""institution"": ""marshall university"", ""year"": null}, {""degree"": ""MBA"", ""institution"": ""marshall university"", ""year"": null}]","Senate Committee on Agriculture, Nutrition, and Forestry|Conservation, Forestry, Natural Resources, and Biotechnology|Food and Nutrition, Specialty Crops, Organics, and Research|Livestock, Dairy, Poultry, and Food Safety|Senate Committee on Energy and Natural Resources|Energy|Public Lands, Forests, and Mining|Water and Power|Senate Committee on Small Business and Entrepreneurship|Senate Special Committee on Aging",Baptist
Jim_Risch_ID,Jim Risch,Jim Risch,1943-05-03,Male,,"[{""degree"": null, ""institution"": ""university wisconsin milwaukee"", ""year"": null}, {""degree"": ""BS"", ""institution"": ""university idaho"", ""year"": null}, {""degree"": ""JD"", ""institution"": ""university idaho"", ""year"": null}]","Senate Committee on Energy and Natural Resources|Energy|Public Lands, Forests, and Mining|Water and Power|Senate Committee on Foreign Relations (Chairman)|Africa and Global Health Policy (Ex Officio)|East Asia, the Pacific, and International Cybersecurity Policy (Ex Officio)|Europe and Regional Security Cooperation (Ex Officio)|Multilateral International Development, Multilateral Institutions, and International Economic, Energy, and Environmental Policy (Ex Officio)|Near East, South Asia, Central Asia, and Counterterrorism (Ex Officio)|State Department and USAID Management, International Operations, and Bilateral International Development (Ex Officio)|Western Hemisphere, Transnational Crime, Civilian Security, Democracy, Human Rights, and Global Women's Issues (Ex Officio)|Senate Committee on Small Business and Entrepreneurship|Senate Select Committee on Ethics|Senate Select Committee on Intelligence|United States Senate Caucus on International Narcotics Control",Catholic
John_Barrasso_WY,John Barrasso,John Barrasso,1952-07-21,Male,,"[{""degree"": null, ""institution"": ""rensselaer polytechnic institute"", ""year"": null}, {""degree"": ""BS"", ""institution"": ""georgetown university"", ""year"": null}, {""degree"": ""MD"", ""institution"": ""georgetown university"", ""year"": null}]","Senate Committee on Energy and Natural Resources|Energy|National Parks|Public Lands, Forests, and Mining (Chairman)|Senate Committee on Finance|Energy, Natural Resources, and Infrastructure|Health Care|Taxation and IRS Oversight (Chairman)|Senate Committee on Foreign Relations|Africa and Global Health Policy|Europe and Regional Security Cooperation|Multilateral International Development, Multilateral Institutions, and International Economic, Energy, and Environmental Policy|State Department and USAID Management, International Operations, and Bilateral International Development",Presbyterian
John_Boozman_AR,John Boozman,John Boozman,1950-12-10,Male,,"[{""degree"": null, ""institution"": ""university arkansas"", ""year"": null}, {""degree"": null, ""institution"": ""southern college optometry"", ""year"": null}]","Senate Committee on Agriculture, Nutrition, and Forestry (Chairman)|Commodities, Derivatives, Risk Management, and Trade (Ex Officio)|Conservation, Forestry, Natural Resources, and Biotechnology (Ex Officio)|Food and Nutrition, Specialty Crops, Organics, and Research (Ex Officio)|Livestock, Dairy, Poultry, and Food Safety (Ex Officio)|Rural Development, Energy, and Credit (Ex Officio)|Senate Committee on Appropriations|Department of Defense|Financial Services and General Government|Departments of Labor, Health and Human Services, and Education, and Related Agencies|Military Construction, Veterans Affairs, and Related Agencies (Chairman)|State, Foreign Operations, and Related Programs|Transportation, Housing and Urban Development, and Related Agencies|Senate Committee on Environment and Public Works|Clean Air, Climate, and Nuclear Innovation and Safety|Fisheries, Wildlife, and Water|Transportation and Infrastructure|Senate Committee on Rules and Administration|Senate Committee on Veterans' Affairs|Commission on Security and Cooperation in Europe",Baptist
John_Cornyn_TX,John Cornyn,John Cornyn,1952-02-02,Male,,"[{""degree"": ""BA"", ""institution"": ""trinity university"", ""year"": null}, {""degree"": ""JD"", ""institution"": ""st mary's university"", ""year"": null}, {""degree"": null, ""institution"": ""university virginia"", ""year"": null}]","Senate Committee on Finance|Energy, Natural Resources, and Infrastructure|International Trade, Customs, and Global Competitiveness (Chairman)|Taxation and IRS Oversight|Senate Committee on Foreign Relations|Africa and Global Health Policy|East Asia, the Pacific, and International Cybersecurity Policy|Western Hemisphere, Transnational Crime, Civilian Security, Democracy, Human Rights, and Global Women's Issues|Senate Committee on the Budget|Senate Committee on the Judiciary|Crime and Counterterrorism|Border Security and Immigration (Chairman)|Privacy, Technology, and the Law|the Constitution|Joint Committee on Taxation|Senate Select Committee on Intelligence|United States Senate Caucus on International Narcotics Control (Chairman)",Nondenominational
John_Curtis_UT,John Curtis,John Curtis,1960-05-10,Male,,"[{""degree"": ""BS"", ""institution"": ""brigham young university"", ""year"": null}]","Senate Committee on Commerce, Science, and Transportation|Telecommunications and Media|Consumer Protection, Technology, and Data Privacy|Coast Guard, Maritime, and Fisheries|Senate Committee on Environment and Public Works|Chemical Safety, Waste Management, Environmental Justice, and Regulatory Oversight (Chairman)|Clean Air, Climate, and Nuclear Innovation and Safety|Transportation and Infrastructure|Senate Committee on Foreign Relations|East Asia, the Pacific, and International Cybersecurity Policy|Europe and Regional Security Cooperation|Western Hemisphere, Transnational Crime, Civilian Security, Democracy, Human Rights, and Global Women's Issues (Chairman)|Senate Committee on Small Business and Entrepreneurship",Mormon
John_Fetterman_PA,John Fetterman,John Fetterman,1969-08-15,Male,,"[{""degree"": ""BA"", ""institution"": ""albright college"", ""year"": null}, {""degree"": ""MBA"", ""institution"": ""university connecticut"", ""year"": null}, {""degree"": null, ""institution"": ""harvard universitympp"", ""year"": null}]","Senate Committee on Agriculture, Nutrition, and Forestry|Commodities, Derivatives, Risk Management, and Trade|Food and Nutrition, Specialty Crops, Organics, and Research|Senate Committee on Commerce, Science, and Transportation|Aviation, Space, and Innovation|Telecommunications and Media|Senate Committee on Homeland Security and Governmental Affairs|Permanent Subcommittee on Investigations|Border Management, Federal Workforce, and Regulatory Affairs (Ranking Member)|Commission on Security and Cooperation in Europe",
John_Hickenlooper_CO,John Hickenlooper,John Hickenlooper,1952-02-07,Male,,"[{""degree"": ""BA"", ""institution"": ""wesleyan university"", ""year"": null}, {""degree"": ""MS"", ""institution"": ""wesleyan university"", ""year"": null}]","Senate Committee on Commerce, Science, and Transportation|Aviation, Space, and Innovation|Telecommunications and Media|Consumer Protection, Technology, and Data Privacy (Ranking Member)|Science, Manufacturing, and Competitiveness|Senate Committee on Energy and Natural Resources|Energy|Public Lands, Forests, and Mining|Water and Power|Senate Committee on Health, Education, Labor, and Pensions|Employment and Workplace Safety (Ranking Member)|Primary Health and Retirement Security|Senate Committee on Small Business and Entrepreneurship",Episcopalian
John_Hoeven_ND,John Hoeven,John Hoeven,1957-03-13,Male,,"[{""degree"": ""BA"", ""institution"": ""dartmouth college"", ""year"": null}, {""degree"": ""MBA"", ""institution"": ""northwestern university"", ""year"": null}]","Senate Committee on Agriculture, Nutrition, and Forestry|Conservation, Forestry, Natural Resources, and Biotechnology|Food and Nutrition, Specialty Crops, Organics, and Research|Livestock, Dairy, Poultry, and Food Safety (Chairman)|Senate Committee on Appropriations|Agriculture, Rural Development, Food and Drug Administration, and Related Agencies (Chairman)|Department of Defense|Energy and Water Development|Department of Interior, Environment, and Related Agencies|Military Construction, Veterans Affairs, and Related Agencies|Transportation, Housing and Urban Development, and Related Agencies|Senate Committee on Energy and Natural Resources|Energy|Water and Power (Chairman)|Senate Committee on Indian Affairs",Catholic
John_Kennedy_LA,John Kennedy,John F. Kennedy,1917-05-29,Male,,"[{""degree"": null, ""institution"": ""harvard university"", ""year"": null}]","Senate Committee on Appropriations|Commerce, Justice, Science, and Related Agencies|Department of Defense|Energy and Water Development (Chairman)|Department of Homeland Security|Departments of Labor, Health and Human Services, and Education, and Related Agencies|Transportation, Housing and Urban Development, and Related Agencies|Senate Committee on Banking, Housing, and Urban Affairs|Economic Policy (Chairman)|Financial Institutions and Consumer Protection|Securities, Insurance, and Investment|Senate Committee on the Budget|Senate Committee on the Judiciary|Federal Courts, Oversight, Agency Action, and Federal Rights|Border Security and Immigration|Privacy, Technology, and the Law|the Constitution",Methodist
John_Thune_SD,John Thune,John Thune,1961-01-07,Male,,"[{""degree"": ""BA"", ""institution"": ""biola university"", ""year"": null}, {""degree"": ""MBA"", ""institution"": ""university south dakota"", ""year"": null}]","Senate Committee on Agriculture, Nutrition, and Forestry|Commodities, Derivatives, Risk Management, and Trade|Conservation, Forestry, Natural Resources, and Biotechnology|Livestock, Dairy, Poultry, and Food Safety|Senate Committee on Commerce, Science, and Transportation|Aviation, Space, and Innovation|Telecommunications and Media|Consumer Protection, Technology, and Data Privacy|Surface Transportation, Freight, Pipelines, and Safety|Senate Committee on Finance|Health Care|International Trade, Customs, and Global Competitiveness|Taxation and IRS Oversight|Senate Select Committee on Intelligence (Ex Officio)",Protestant unspecified
Jon_Husted_OH,Jon Husted,Jon Husted,1967-08-25,Male,,"[{""degree"": ""BA"", ""institution"": ""university dayton"", ""year"": null}, {""degree"": ""MA"", ""institution"": ""university dayton"", ""year"": null}]","Senate Committee on Environment and Public Works|Chemical Safety, Waste Management, Environmental Justice, and Regulatory Oversight|Clean Air, Climate, and Nuclear Innovation and Safety|Fisheries, Wildlife, and Water|Senate Committee on Health, Education, Labor, and Pensions|Education and the American Family|Employment and Workplace Safety|Primary Health and Retirement Security|Senate Committee on Small Business and Entrepreneurship|Senate Special Committee on Aging",
Jon_Ossoff_GA,Jon Ossoff,Jon Ossoff,1987-02-16,Male,,"[{""degree"": ""BS"", ""institution"": ""georgetown university"", ""year"": null}, {""degree"": ""MS"", ""institution"": ""london school economics"", ""year"": null}]","Senate Committee on Appropriations|Agriculture, Rural Development, Food and Drug Administration, and Related Agencies|Energy and Water Development|Department of Interior, Environment, and Related Agencies|Legislative Branch|Military Construction, Veterans Affairs, and Related Agencies (Ranking Member)|Senate Committee on Rules and Administration|Senate Select Committee on Intelligence",Jewish
Joni_Ernst_IA,Joni Ernst,Joni Ernst,1970-07-01,Female,,"[{""degree"": ""BA"", ""institution"": ""iowa state university"", ""year"": null}, {""degree"": null, ""institution"": ""columbus state universitympa"", ""year"": null}]","Senate Committee on Agriculture, Nutrition, and Forestry|Conservation, Forestry, Natural Resources, and Biotechnology|Livestock, Dairy, Poultry, and Food Safety|Rural Development, Energy, and Credit (Chairman)|Senate Committee on Armed Services|Cybersecurity|Emerging Threats and Capabilities (Chairman)|Personnel|Senate Committee on Homeland Security and Governmental Affairs|Disaster Management, District of Columbia, and Census|Border Management, Federal Workforce, and Regulatory Affairs|Senate Committee on Small Business and Entrepreneurship (Chairman)",Lutheran
Josh_Hawley_MO,Josh Hawley,Josh Hawley,1979-12-31,Male,,"[{""degree"": ""BA"", ""institution"": ""stanford university"", ""year"": null}, {""degree"": ""JD"", ""institution"": ""yale university"", ""year"": null}]","Senate Committee on Health, Education, Labor, and Pensions|Employment and Workplace Safety|Primary Health and Retirement Security|Senate Committee on Homeland Security and Governmental Affairs|Permanent Subcommittee on Investigations|Disaster Management, District of Columbia, and Census (Chairman)|Senate Committee on Small Business and Entrepreneurship|Senate Committee on the Judiciary|Antitrust, Competition Policy, and Consumer Rights|Crime and Counterterrorism (Chairman)|Privacy, Technology, and the Law|the Constitution",Protestant unspecified
Katie_Britt_AL,Katie Britt,Katie Britt,1982-02-02,Female,,"[{""degree"": ""BS"", ""institution"": ""university alabama"", ""year"": null}, {""degree"": ""JD"", ""institution"": ""university alabama"", ""year"": null}]","Senate Committee on Appropriations|Commerce, Justice, Science, and Related Agencies|Energy and Water Development|Department of Homeland Security (Chairman)|Departments of Labor, Health and Human Services, and Education, and Related Agencies|State, Foreign Operations, and Related Programs|Transportation, Housing and Urban Development, and Related Agencies|Senate Committee on Banking, Housing, and Urban Affairs|Financial Institutions and Consumer Protection|Housing, Transportation, and Community Development (Chairman)|Securities, Insurance, and Investment|Senate Committee on Rules and Administration|Senate Committee on the Judiciary|Antitrust, Competition Policy, and Consumer Rights|Crime and Counterterrorism|Border Security and Immigration|Intellectual Property|Commission on Security and Cooperation in Europe",Methodist
Kevin_Cramer_ND,Kevin Cramer,Kevin Cramer,1961-01-21,Male,,"[{""degree"": ""BA"", ""institution"": ""concordia college"", ""year"": null}, {""degree"": ""MA"", ""institution"": ""university mary"", ""year"": null}]","Senate Committee on Armed Services|Airland (Chairman)|Emerging Threats and Capabilities|Readiness and Management Support|Strategic Forces|Senate Committee on Banking, Housing, and Urban Affairs|Financial Institutions and Consumer Protection|Housing, Transportation, and Community Development|Securities, Insurance, and Investment|Senate Committee on Environment and Public Works|Clean Air, Climate, and Nuclear Innovation and Safety|Fisheries, Wildlife, and Water|Transportation and Infrastructure (Chairman)|Senate Committee on Veterans' Affairs",Protestant unspecified
Kirsten_Gillibrand_NY,Kirsten Gillibrand,Kirsten Gillibrand,1966-12-09,Female,,"[{""degree"": ""BA"", ""institution"": ""dartmouth college"", ""year"": null}, {""degree"": ""JD"", ""institution"": ""university california los angeles"", ""year"": null}]","Senate Committee on Appropriations|Agriculture, Rural Development, Food and Drug Administration, and Related Agencies|Commerce, Justice, Science, and Related Agencies|Department of Interior, Environment, and Related Agencies|Military Construction, Veterans Affairs, and Related Agencies|Transportation, Housing and Urban Development, and Related Agencies (Ranking Member)|Senate Committee on Armed Services|Cybersecurity|Emerging Threats and Capabilities|Strategic Forces|Senate Select Committee on Intelligence|Senate Special Committee on Aging (Ranking Member)",Catholic
Lindsey_Graham_SC,Lindsey Graham,Lindsey Graham,1955-07-09,Male,,"[{""degree"": ""BA"", ""institution"": ""university south carolina"", ""year"": null}, {""degree"": ""JD"", ""institution"": ""university south carolina"", ""year"": null}]","Senate Committee on Appropriations|Commerce, Justice, Science, and Related Agencies|Department of Defense|Energy and Water Development|Departments of Labor, Health and Human Services, and Education, and Related Agencies|State, Foreign Operations, and Related Programs (Chairman)|Transportation, Housing and Urban Development, and Related Agencies|Senate Committee on Environment and Public Works|Chemical Safety, Waste Management, Environmental Justice, and Regulatory Oversight|Clean Air, Climate, and Nuclear Innovation and Safety|Transportation and Infrastructure|Senate Committee on the Budget (Chairman)|Senate Committee on the Judiciary|Crime and Counterterrorism|Federal Courts, Oversight, Agency Action, and Federal Rights|Border Security and Immigration|Privacy, Technology, and the Law",Baptist
Lisa_Blunt_Rochester_DE,Lisa Blunt Rochester,Lisa Blunt Rochester,1962-02-10,Female,,"[{""degree"": null, ""institution"": ""villanova university"", ""year"": null}, {""degree"": ""BA"", ""institution"": ""fairleigh dickinson university"", ""year"": null}, {""degree"": ""MA"", ""institution"": ""university delaware"", ""year"": null}]","Senate Committee on Banking, Housing, and Urban Affairs|Economic Policy|Housing, Transportation, and Community Development|Securities, Insurance, and Investment|Senate Committee on Commerce, Science, and Transportation|Telecommunications and Media|Consumer Protection, Technology, and Data Privacy|Coast Guard, Maritime, and Fisheries (Ranking Member)|Science, Manufacturing, and Competitiveness|Senate Committee on Environment and Public Works|Chemical Safety, Waste Management, Environmental Justice, and Regulatory Oversight|Clean Air, Climate, and Nuclear Innovation and Safety|Transportation and Infrastructure|Senate Committee on Health, Education, Labor, and Pensions|Education and the American Family (Ranking Member)|Primary Health and Retirement Security",Protestant unspecified
Lisa_Murkowski_AK,Lisa Murkowski,Lisa Murkowski,1957-05-22,Female,,"[{""degree"": ""BA"", ""institution"": ""georgetown university"", ""year"": null}, {""degree"": ""JD"", ""institution"": ""willamette university"", ""year"": null}]","Senate Committee on Appropriations|Commerce, Justice, Science, and Related Agencies|Department of Defense|Energy and Water Development|Department of Homeland Security|Department of Interior, Environment, and Related Agencies (Chairman)|Military Construction, Veterans Affairs, and Related Agencies|Senate Committee on Energy and Natural Resources|National Parks|Public Lands, Forests, and Mining|Senate Committee on Health, Education, Labor, and Pensions|Education and the American Family|Primary Health and Retirement Security|Senate Committee on Indian Affairs (Chairman)",Catholic
Maggie_Hassan_NH,Maggie Hassan,Maggie Hassan,1958-02-27,Female,,"[{""degree"": ""BA"", ""institution"": ""brown university"", ""year"": null}, {""degree"": ""JD"", ""institution"": ""northeastern university"", ""year"": null}]","Senate Committee on Finance|Energy, Natural Resources, and Infrastructure|Health Care (Ranking Member)|Taxation and IRS Oversight|Senate Committee on Health, Education, Labor, and Pensions|Employment and Workplace Safety|Primary Health and Retirement Security|Senate Committee on Homeland Security and Governmental Affairs|Permanent Subcommittee on Investigations|Border Management, Federal Workforce, and Regulatory Affairs|Senate Committee on Veterans' Affairs|Joint Economic Committee (Ranking Member)",Congregationalist
Maria_Cantwell_WA,Maria Cantwell,Maria Cantwell,1958-10-13,Female,,"[{""degree"": ""BA"", ""institution"": ""miami university"", ""year"": null}]","Senate Committee on Commerce, Science, and Transportation (Ranking Member)|Aviation, Space, and Innovation (Ex Officio)|Telecommunications and Media (Ex Officio)|Consumer Protection, Technology, and Data Privacy (Ex Officio)|Coast Guard, Maritime, and Fisheries (Ex Officio)|Science, Manufacturing, and Competitiveness (Ex Officio)|Surface Transportation, Freight, Pipelines, and Safety (Ex Officio)|Senate Committee on Energy and Natural Resources|Senate Committee on Finance|Energy, Natural Resources, and Infrastructure (Ranking Member)|Senate Committee on Indian Affairs|Senate Committee on Small Business and Entrepreneurship|Joint Committee on Taxation",Catholic
Mark_Kelly_AZ,Mark Kelly,Mark Kelly,1964-02-21,Male,,"[{""degree"": ""BS"", ""institution"": ""united states merchant marine academy"", ""year"": null}, {""degree"": ""MS"", ""institution"": ""naval postgraduate school"", ""year"": null}]","Senate Committee on Armed Services|Airland (Ranking Member)|Emerging Threats and Capabilities|Strategic Forces|Senate Committee on Environment and Public Works|Clean Air, Climate, and Nuclear Innovation and Safety (Ranking Member)|Fisheries, Wildlife, and Water|Transportation and Infrastructure|Joint Economic Committee|Senate Select Committee on Intelligence|Senate Special Committee on Aging",Catholic
Mark_Warner_VA,Mark Warner,Mark Warner,1954-12-15,Male,,"[{""degree"": ""BA"", ""institution"": ""george washington university"", ""year"": null}, {""degree"": ""JD"", ""institution"": ""harvard university"", ""year"": null}]","Senate Committee on Banking, Housing, and Urban Affairs|Financial Institutions and Consumer Protection|Securities, Insurance, and Investment (Ranking Member)|Senate Committee on Finance|Health Care|International Trade, Customs, and Global Competitiveness|Taxation and IRS Oversight|Senate Committee on Rules and Administration|Senate Committee on the Budget|Senate Select Committee on Intelligence (Vice Chairman)|Digital Assets",Presbyterian
Marsha_Blackburn_TN,Marsha Blackburn,Marsha Blackburn,1952-06-06,Female,,"[{""degree"": ""BS"", ""institution"": ""mississippi state university"", ""year"": null}]","Senate Committee on Commerce, Science, and Transportation|Telecommunications and Media|Consumer Protection, Technology, and Data Privacy (Chairman)|Science, Manufacturing, and Competitiveness|Senate Committee on Finance|Health Care|Social Security, Pensions, and Family Policy|Taxation and IRS Oversight|Senate Committee on the Judiciary|Crime and Counterterrorism|Intellectual Property|Privacy, Technology, and the Law (Chairman)|the Constitution|Senate Committee on Veterans' Affairs|Joint Economic Committee",Presbyterian
Martin_Heinrich_NM,Martin Heinrich,Martin Heinrich,1971-10-17,Male,,"[{""degree"": ""BS"", ""institution"": ""university missouri"", ""year"": null}, {""degree"": null, ""institution"": ""university new mexico"", ""year"": null}]","Senate Committee on Appropriations|Agriculture, Rural Development, Food and Drug Administration, and Related Agencies|Energy and Water Development|Department of Interior, Environment, and Related Agencies|Legislative Branch (Ranking Member)|Military Construction, Veterans Affairs, and Related Agencies|Senate Committee on Energy and Natural Resources (Ranking Member)|Energy (Ex Officio)|National Parks (Ex Officio)|Public Lands, Forests, and Mining (Ex Officio)|Water and Power (Ex Officio)|Joint Economic Committee|Senate Select Committee on Intelligence",Lutheran
Mazie_Hirono_HI,Mazie Hirono,Mazie Hirono,1947-11-03,Female,,"[{""degree"": ""BA"", ""institution"": ""university hawai\u02bbi m\u0101noa"", ""year"": null}, {""degree"": ""JD"", ""institution"": ""georgetown university"", ""year"": null}]","Senate Committee on Armed Services|Personnel|Readiness and Management Support (Ranking Member)|Seapower|Senate Committee on Energy and Natural Resources|Energy|National Parks|Public Lands, Forests, and Mining|Senate Committee on Small Business and Entrepreneurship|Senate Committee on the Judiciary|Federal Courts, Oversight, Agency Action, and Federal Rights|Border Security and Immigration|Intellectual Property|the Constitution|Senate Committee on Veterans' Affairs",Buddhist
Michael_Bennet_CO,Michael Bennet,Michael Bennet,1964-11-28,Male,,"[{""degree"": ""BA"", ""institution"": ""wesleyan university"", ""year"": null}, {""degree"": ""JD"", ""institution"": ""yale university"", ""year"": null}]","Senate Committee on Agriculture, Nutrition, and Forestry|Conservation, Forestry, Natural Resources, and Biotechnology (Ranking Member)|Rural Development, Energy, and Credit|Senate Committee on Finance|Energy, Natural Resources, and Infrastructure|International Trade, Customs, and Global Competitiveness|Taxation and IRS Oversight (Ranking Member)|Senate Committee on Rules and Administration|Senate Select Committee on Intelligence",
Mike_Crapo_ID,Mike Crapo,Mike Crapo,1951-05-20,Male,,"[{""degree"": ""BA"", ""institution"": ""brigham young university"", ""year"": null}, {""degree"": ""JD"", ""institution"": ""harvard university"", ""year"": null}]","Senate Committee on Banking, Housing, and Urban Affairs|Financial Institutions and Consumer Protection|Housing, Transportation, and Community Development|Securities, Insurance, and Investment|Senate Committee on Finance (Chairman)|Energy, Natural Resources, and Infrastructure (Ex Officio)|Fiscal Responsibility and Economic Growth (Ex Officio)|Health Care (Ex Officio)|International Trade, Customs, and Global Competitiveness (Ex Officio)|Social Security, Pensions, and Family Policy (Ex Officio)|Taxation and IRS Oversight (Ex Officio)|Senate Committee on the Budget|Joint Committee on Taxation (Chairman)",Mormon
Mike_Lee_UT,Mike Lee,Mike Lee,1971-06-04,Male,,"[{""degree"": ""BA"", ""institution"": ""brigham young university"", ""year"": null}, {""degree"": ""JD"", ""institution"": ""brigham young university"", ""year"": null}]","Senate Committee on Energy and Natural Resources (Chairman)|Energy (Ex Officio)|National Parks (Ex Officio)|Public Lands, Forests, and Mining (Ex Officio)|Water and Power (Ex Officio)|Senate Committee on Foreign Relations|East Asia, the Pacific, and International Cybersecurity Policy|Multilateral International Development, Multilateral Institutions, and International Economic, Energy, and Environmental Policy (Chairman)|Near East, South Asia, Central Asia, and Counterterrorism|Senate Committee on the Budget|Senate Committee on the Judiciary|Antitrust, Competition Policy, and Consumer Rights (Chairman)|Federal Courts, Oversight, Agency Action, and Federal Rights|Intellectual Property|the Constitution",Mormon
Mike_Rounds_SD,Mike Rounds,Mike Rounds,1954-10-24,Male,,"[{""degree"": ""BS"", ""institution"": ""south dakota state university"", ""year"": null}]","Senate Committee on Appropriations|Agriculture, Rural Development, Food and Drug Administration, and Related Agencies|Energy and Water Development|Department of Interior, Environment, and Related Agencies|Departments of Labor, Health and Human Services, and Education, and Related Agencies|Legislative Branch|Military Construction, Veterans Affairs, and Related Agencies|Senate Committee on Armed Services|Cybersecurity (Chairman)|Emerging Threats and Capabilities|Strategic Forces|Senate Committee on Banking, Housing, and Urban Affairs|Economic Policy|Housing, Transportation, and Community Development|Securities, Insurance, and Investment (Chairman)|Senate Committee on Indian Affairs|Senate Select Committee on Intelligence|Commission on Security and Cooperation in Europe",Catholic
Mitch_McConnell_KY,Mitch McConnell,Mitch McConnell,1942-02-20,Male,,"[{""degree"": ""BA"", ""institution"": ""university louisville"", ""year"": null}, {""degree"": ""JD"", ""institution"": ""university kentucky"", ""year"": null}]","Senate Committee on Agriculture, Nutrition, and Forestry|Commodities, Derivatives, Risk Management, and Trade|Food and Nutrition, Specialty Crops, Organics, and Research (Chairman)|Rural Development, Energy, and Credit|Senate Committee on Appropriations|Agriculture, Rural Development, Food and Drug Administration, and Related Agencies|Department of Defense (Chairman)|Energy and Water Development|Department of Interior, Environment, and Related Agencies|Military Construction, Veterans Affairs, and Related Agencies|State, Foreign Operations, and Related Programs|Senate Committee on Rules and Administration (Chairman)|Joint Committee on Printing (Chairman)|Joint Committee of Congress on the Library (Vice Chairman)",Baptist
Patty_Murray_WA,Patty Murray,Patty Murray,1950-10-11,Female,,"[{""degree"": ""BA"", ""institution"": ""washington state university"", ""year"": null}]","Senate Committee on Appropriations (Ranking Member)|Agriculture, Rural Development, Food and Drug Administration, and Related Agencies (Ex Officio)|Commerce, Justice, Science, and Related Agencies (Ex Officio)|Department of Defense|Energy and Water Development (Ranking Member)|Financial Services and General Government (Ex Officio)|Department of Homeland Security|Department of Interior, Environment, and Related Agencies (Ex Officio)|Departments of Labor, Health and Human Services, and Education, and Related Agencies|Legislative Branch (Ex Officio)|Military Construction, Veterans Affairs, and Related Agencies|State, Foreign Operations, and Related Programs (Ex Officio)|Transportation, Housing and Urban Development, and Related Agencies|Senate Committee on Health, Education, Labor, and Pensions|Education and the American Family|Primary Health and Retirement Security|Senate Committee on the Budget|Senate Committee on Veterans' Affairs",Catholic
Pete_Ricketts_NE,Pete Ricketts,Pete Ricketts,1964-08-19,Male,,"[{""degree"": ""BA"", ""institution"": ""university chicago"", ""year"": null}, {""degree"": ""MBA"", ""institution"": ""university chicago"", ""year"": null}]","Senate Committee on Banking, Housing, and Urban Affairs|Economic Policy|Financial Institutions and Consumer Protection|National Security and International Trade and Finance|Senate Committee on Environment and Public Works|Clean Air, Climate, and Nuclear Innovation and Safety|Fisheries, Wildlife, and Water (Chairman)|Transportation and Infrastructure|Senate Committee on Foreign Relations|East Asia, the Pacific, and International Cybersecurity Policy (Chairman)|Europe and Regional Security Cooperation|State Department and USAID Management, International Operations, and Bilateral International Development|Senate Committee on the Budget",Catholic
Peter_Welch_VT,Peter Welch,Peter Welch,1947-05-02,Male,,"[{""degree"": ""BA"", ""institution"": ""college holy cross"", ""year"": null}, {""degree"": ""JD"", ""institution"": ""university california berkeley"", ""year"": null}]","Senate Committee on Agriculture, Nutrition, and Forestry|Conservation, Forestry, Natural Resources, and Biotechnology|Livestock, Dairy, Poultry, and Food Safety|Rural Development, Energy, and Credit (Ranking Member)|Senate Committee on Finance|Energy, Natural Resources, and Infrastructure|Health Care|Senate Committee on Rules and Administration|Senate Committee on the Judiciary|Antitrust, Competition Policy, and Consumer Rights|Federal Courts, Oversight, Agency Action, and Federal Rights|Intellectual Property|the Constitution (Ranking Member)",Catholic
Rand_Paul_KY,Rand Paul,Rand Paul,1963-01-07,Male,,"[{""degree"": null, ""institution"": ""baylor university"", ""year"": null}, {""degree"": ""MD"", ""institution"": ""duke university"", ""year"": null}]","Senate Committee on Foreign Relations|Africa and Global Health Policy|Europe and Regional Security Cooperation|Multilateral International Development, Multilateral Institutions, and International Economic, Energy, and Environmental Policy|State Department and USAID Management, International Operations, and Bilateral International Development|Senate Committee on Health, Education, Labor, and Pensions|Education and the American Family|Primary Health and Retirement Security|Senate Committee on Homeland Security and Governmental Affairs (Chairman)|Permanent Subcommittee on Investigations (Ex Officio)|Disaster Management, District of Columbia, and Census (Ex Officio)|Border Management, Federal Workforce, and Regulatory Affairs (Ex Officio)|Senate Committee on Small Business and Entrepreneurship",Presbyterian
Raphael_Warnock_GA,Raphael Warnock,Raphael Warnock,1969-07-23,Male,,"[{""degree"": ""BA"", ""institution"": ""morehouse college"", ""year"": null}, {""degree"": ""PHD"", ""institution"": ""union theological seminary"", ""year"": null}]","Senate Committee on Agriculture, Nutrition, and Forestry|Conservation, Forestry, Natural Resources, and Biotechnology|Food and Nutrition, Specialty Crops, Organics, and Research|Rural Development, Energy, and Credit|Senate Committee on Banking, Housing, and Urban Affairs|Economic Policy (Ranking Member)|Financial Institutions and Consumer Protection|Securities, Insurance, and Investment|Senate Committee on Finance|Health Care|International Trade, Customs, and Global Competitiveness (Ranking Member)|Taxation and IRS Oversight|Senate Special Committee on Aging",Baptist
Richard_Blumenthal_CT,Richard Blumenthal,Richard Blumenthal,1946-02-13,Male,,"[{""degree"": ""BA"", ""institution"": ""harvard university"", ""year"": null}, {""degree"": null, ""institution"": ""trinity college cambridge"", ""year"": null}, {""degree"": ""JD"", ""institution"": ""yale university"", ""year"": null}]","Senate Committee on Armed Services|Airland|Personnel|Seapower|Senate Committee on Homeland Security and Governmental Affairs|Permanent Subcommittee on Investigations (Ranking Member)|Disaster Management, District of Columbia, and Census|Senate Committee on the Judiciary|Antitrust, Competition Policy, and Consumer Rights|Crime and Counterterrorism|Federal Courts, Oversight, Agency Action, and Federal Rights|Privacy, Technology, and the Law|Senate Committee on Veterans' Affairs (Ranking Member)|United States Senate Caucus on International Narcotics Control",Jewish
Rick_Scott_FL,Rick Scott,Rick Scott,1952-12-01,Male,,"[{""degree"": null, ""institution"": ""university missouri\u2013kansas citybba"", ""year"": null}, {""degree"": ""JD"", ""institution"": ""southern methodist university"", ""year"": null}]","Senate Committee on Armed Services|Personnel|Readiness and Management Support|Seapower (Chairman)|Senate Committee on Foreign Relations|Near East, South Asia, Central Asia, and Counterterrorism|State Department and USAID Management, International Operations, and Bilateral International Development|Western Hemisphere, Transnational Crime, Civilian Security, Democracy, Human Rights, and Global Women's Issues|Senate Committee on Homeland Security and Governmental Affairs|Permanent Subcommittee on Investigations|Disaster Management, District of Columbia, and Census|Senate Committee on the Budget|Senate Special Committee on Aging (Chairman)",Protestant unspecified
Roger_Marshall_KS,Roger Marshall,Roger Marshall,1960-08-09,Male,,"[{""degree"": null, ""institution"": ""butler community college"", ""year"": null}, {""degree"": ""BS"", ""institution"": ""kansas state university"", ""year"": null}, {""degree"": ""MD"", ""institution"": ""university kansas"", ""year"": null}]","Senate Committee on Agriculture, Nutrition, and Forestry|Conservation, Forestry, Natural Resources, and Biotechnology (Chairman)|Food and Nutrition, Specialty Crops, Organics, and Research|Senate Committee on Finance|Energy, Natural Resources, and Infrastructure|Health Care|International Trade, Customs, and Global Competitiveness|Senate Committee on Health, Education, Labor, and Pensions|Employment and Workplace Safety|Primary Health and Retirement Security (Chairman)|Senate Committee on the Budget",Nondenominational
Roger_Wicker_MS,Roger Wicker,Roger Wicker,1951-07-05,Male,,"[{""degree"": ""BA"", ""institution"": ""university mississippi"", ""year"": null}, {""degree"": ""JD"", ""institution"": ""university mississippi"", ""year"": null}]","Senate Committee on Armed Services (Chairman)|Airland (Ex Officio)|Cybersecurity (Ex Officio)|Emerging Threats and Capabilities (Ex Officio)|Personnel (Ex Officio)|Readiness and Management Support (Ex Officio)|Seapower (Ex Officio)|Strategic Forces (Ex Officio)|Senate Committee on Commerce, Science, and Transportation|Telecommunications and Media|Coast Guard, Maritime, and Fisheries|Surface Transportation, Freight, Pipelines, and Safety|Senate Committee on Environment and Public Works|Chemical Safety, Waste Management, Environmental Justice, and Regulatory Oversight|Clean Air, Climate, and Nuclear Innovation and Safety|Transportation and Infrastructure|Senate Committee on Rules and Administration|Senate Select Committee on Intelligence (Ex Officio)|Commission on Security and Cooperation in Europe (Cochairman)",Baptist
Ron_Johnson_WI,Ron Johnson,Ron Johnson,1955-04-08,Male,,"[{""degree"": ""BS"", ""institution"": ""university minnesota"", ""year"": null}]","Senate Committee on Finance|Fiscal Responsibility and Economic Growth (Chairman)|Health Care|Taxation and IRS Oversight|Senate Committee on Homeland Security and Governmental Affairs|Permanent Subcommittee on Investigations (Chairman)|Border Management, Federal Workforce, and Regulatory Affairs|Senate Committee on the Budget|Senate Special Committee on Aging",Lutheran
Ron_Wyden_OR,Ron Wyden,Ron Wyden,1949-05-03,Male,,"[{""degree"": null, ""institution"": ""university california santa barbara"", ""year"": null}, {""degree"": ""BA"", ""institution"": ""stanford university"", ""year"": null}, {""degree"": ""JD"", ""institution"": ""university oregon"", ""year"": null}]","Senate Committee on Energy and Natural Resources|Energy|Public Lands, Forests, and Mining|Water and Power (Ranking Member)|Senate Committee on Finance (Ranking Member)|Energy, Natural Resources, and Infrastructure (Ex Officio)|Fiscal Responsibility and Economic Growth (Ex Officio)|Health Care (Ex Officio)|International Trade, Customs, and Global Competitiveness (Ex Officio)|Social Security, Pensions, and Family Policy (Ex Officio)|Taxation and IRS Oversight (Ex Officio)|Senate Committee on the Budget|Joint Committee on Taxation|Senate Select Committee on Intelligence",Jewish
Ruben_Gallego_AZ,Ruben Gallego,Ruben Gallego,1979-11-20,Male,,"[{""degree"": null, ""institution"": ""harvard university"", ""year"": null}]","Senate Committee on Banking, Housing, and Urban Affairs|Financial Institutions and Consumer Protection|Housing, Transportation, and Community Development|Senate Committee on Energy and Natural Resources|Energy (Ranking Member)|National Parks|Water and Power|Senate Committee on Homeland Security and Governmental Affairs|Border Management, Federal Workforce, and Regulatory Affairs|Senate Committee on Veterans' Affairs|Commission on Security and Cooperation in Europe|Digital Assets (Ranking Member)",Catholic
Sheldon_Whitehouse_RI,Sheldon Whitehouse,Sheldon Whitehouse,1955-10-20,Male,,"[{""degree"": ""BA"", ""institution"": ""yale university"", ""year"": null}, {""degree"": ""JD"", ""institution"": ""university virginia"", ""year"": null}]","Senate Committee on Environment and Public Works (Ranking Member)|Chemical Safety, Waste Management, Environmental Justice, and Regulatory Oversight (Ex Officio)|Clean Air, Climate, and Nuclear Innovation and Safety (Ex Officio)|Fisheries, Wildlife, and Water (Ex Officio)|Transportation and Infrastructure (Ex Officio)|Senate Committee on Finance|Health Care|International Trade, Customs, and Global Competitiveness|Taxation and IRS Oversight|Senate Committee on the Budget|Senate Committee on the Judiciary|Federal Courts, Oversight, Agency Action, and Federal Rights (Ranking Member)|Border Security and Immigration|Intellectual Property|the Constitution|United States Senate Caucus on International Narcotics Control (Chairman)|Commission on Security and Cooperation in Europe",Episcopalian
Shelley_Moore_Capito_WV,Shelley Moore Capito,Shelley Moore Capito,1953-11-26,Female,,"[{""degree"": ""BA"", ""institution"": ""duke university"", ""year"": null}, {""degree"": null, ""institution"": ""university virginia"", ""year"": null}]","Senate Committee on Appropriations|Commerce, Justice, Science, and Related Agencies|Department of Defense|Department of Homeland Security|Department of Interior, Environment, and Related Agencies|Departments of Labor, Health and Human Services, and Education, and Related Agencies (Chairman)|Transportation, Housing and Urban Development, and Related Agencies|Senate Committee on Commerce, Science, and Transportation|Aviation, Space, and Innovation|Telecommunications and Media|Consumer Protection, Technology, and Data Privacy|Surface Transportation, Freight, Pipelines, and Safety|Senate Committee on Environment and Public Works (Chairman)|Chemical Safety, Waste Management, Environmental Justice, and Regulatory Oversight (Ex Officio)|Clean Air, Climate, and Nuclear Innovation and Safety (Ex Officio)|Fisheries, Wildlife, and Water (Ex Officio)|Transportation and Infrastructure (Ex Officio)|Senate Committee on Rules and Administration",Presbyterian
Steve_Daines_MT,Steve Daines,Steve Daines,1962-08-20,Male,,"[{""degree"": ""BS"", ""institution"": ""montana state university"", ""year"": null}]","Senate Committee on Energy and Natural Resources|National Parks (Chairman)|Public Lands, Forests, and Mining|Water and Power|Senate Committee on Finance|Energy, Natural Resources, and Infrastructure|Health Care|International Trade, Customs, and Global Competitiveness|Senate Committee on Foreign Relations|Africa and Global Health Policy|Europe and Regional Security Cooperation (Chairman)|Near East, South Asia, Central Asia, and Counterterrorism|Senate Committee on Indian Affairs",Presbyterian
Susan_Collins_ME,Susan Collins,Susan Collins,1952-12-07,Female,,"[{""degree"": ""BA"", ""institution"": ""st lawrence university"", ""year"": null}]","Senate Committee on Appropriations (Chairman)|Agriculture, Rural Development, Food and Drug Administration, and Related Agencies|Commerce, Justice, Science, and Related Agencies|Department of Defense|Energy and Water Development (Ex Officio)|Financial Services and General Government|Department of Homeland Security (Ex Officio)|Department of Interior, Environment, and Related Agencies (Ex Officio)|Departments of Labor, Health and Human Services, and Education, and Related Agencies (Ex Officio)|Legislative Branch (Ex Officio)|Military Construction, Veterans Affairs, and Related Agencies|State, Foreign Operations, and Related Programs (Ex Officio)|Transportation, Housing and Urban Development, and Related Agencies|Senate Committee on Health, Education, Labor, and Pensions|Primary Health and Retirement Security|Senate Select Committee on Intelligence",Catholic
Tammy_Baldwin_WI,Tammy Baldwin,Tammy Baldwin,1962-02-11,Female,,"[{""degree"": ""BA"", ""institution"": ""smith college"", ""year"": null}, {""degree"": ""JD"", ""institution"": ""university wisconsin\u2013madison"", ""year"": null}]","Senate Committee on Appropriations|Agriculture, Rural Development, Food and Drug Administration, and Related Agencies|Department of Defense|Energy and Water Development|Department of Interior, Environment, and Related Agencies|Departments of Labor, Health and Human Services, and Education, and Related Agencies (Ranking Member)|Military Construction, Veterans Affairs, and Related Agencies|Senate Committee on Commerce, Science, and Transportation|Telecommunications and Media|Consumer Protection, Technology, and Data Privacy|Coast Guard, Maritime, and Fisheries|Science, Manufacturing, and Competitiveness (Ranking Member)|Senate Committee on Health, Education, Labor, and Pensions|Employment and Workplace Safety|Primary Health and Retirement Security",
Tammy_Duckworth_IL,Tammy Duckworth,Tammy Duckworth,1968-03-12,Female,,"[{""degree"": ""BA"", ""institution"": ""university hawai\u02bbi m\u0101noa"", ""year"": null}, {""degree"": null, ""institution"": ""george washington universitymia"", ""year"": null}, {""degree"": null, ""institution"": ""northern illinois university"", ""year"": null}, {""degree"": ""PHD"", ""institution"": ""capella university"", ""year"": null}]","Senate Committee on Armed Services|Airland|Personnel|Readiness and Management Support|Senate Committee on Commerce, Science, and Transportation|Aviation, Space, and Innovation (Ranking Member)|Telecommunications and Media|Surface Transportation, Freight, Pipelines, and Safety|Senate Committee on Foreign Relations|Europe and Regional Security Cooperation|Multilateral International Development, Multilateral Institutions, and International Economic, Energy, and Environmental Policy (Ranking Member)|State Department and USAID Management, International Operations, and Bilateral International Development|Senate Committee on Veterans' Affairs",
Ted_Budd_NC,Ted Budd,Ted Budd,1971-10-21,Male,,"[{""degree"": ""BS"", ""institution"": ""appalachian state university"", ""year"": null}, {""degree"": null, ""institution"": ""dallas theological seminarythm"", ""year"": null}, {""degree"": ""MBA"", ""institution"": ""wake forest university"", ""year"": null}]","Senate Committee on Armed Services|Airland|Cybersecurity|Emerging Threats and Capabilities|Personnel|Senate Committee on Commerce, Science, and Transportation|Aviation, Space, and Innovation|Telecommunications and Media|Science, Manufacturing, and Competitiveness (Chairman)|Senate Committee on Small Business and Entrepreneurship|Joint Economic Committee|Senate Select Committee on Intelligence",Nondenominational
Ted_Cruz_TX,Ted Cruz,Ted Cruz,1970-12-22,Male,,"[{""degree"": ""BA"", ""institution"": ""princeton university"", ""year"": null}, {""degree"": ""JD"", ""institution"": ""harvard university"", ""year"": null}]","Senate Committee on Commerce, Science, and Transportation (Chairman)|Aviation, Space, and Innovation (Ex Officio)|Telecommunications and Media (Ex Officio)|Consumer Protection, Technology, and Data Privacy (Ex Officio)|Coast Guard, Maritime, and Fisheries (Ex Officio)|Science, Manufacturing, and Competitiveness (Ex Officio)|Surface Transportation, Freight, Pipelines, and Safety (Ex Officio)|Senate Committee on Foreign Relations|Africa and Global Health Policy (Chairman)|Near East, South Asia, Central Asia, and Counterterrorism|Western Hemisphere, Transnational Crime, Civilian Security, Democracy, Human Rights, and Global Women's Issues|Senate Committee on Rules and Administration|Senate Committee on the Judiciary|Crime and Counterterrorism|Federal Courts, Oversight, Agency Action, and Federal Rights (Chairman)|Border Security and Immigration|the Constitution",Baptist
Thom_Tillis_NC,Thom Tillis,Thom Tillis,1960-08-30,Male,,"[{""degree"": null, ""institution"": ""chattanooga state community college"", ""year"": null}, {""degree"": ""BS"", ""institution"": ""university maryland university college"", ""year"": null}]","Senate Committee on Banking, Housing, and Urban Affairs|Economic Policy|Financial Institutions and Consumer Protection (Chairman)|Senate Committee on Finance|Health Care|International Trade, Customs, and Global Competitiveness|Taxation and IRS Oversight|Senate Committee on the Judiciary|Antitrust, Competition Policy, and Consumer Rights|Federal Courts, Oversight, Agency Action, and Federal Rights|Border Security and Immigration|Intellectual Property (Chairman)|Senate Committee on Veterans' Affairs|Commission on Security and Cooperation in Europe|Digital Assets",Catholic
Tim_Kaine_VA,Tim Kaine,Tim Kaine,1958-02-26,Male,,"[{""degree"": ""BA"", ""institution"": ""university missouri"", ""year"": null}, {""degree"": ""JD"", ""institution"": ""harvard university"", ""year"": null}]","Senate Committee on Armed Services|Emerging Threats and Capabilities|Readiness and Management Support|Seapower (Ranking Member)|Senate Committee on Foreign Relations|Near East, South Asia, Central Asia, and Counterterrorism|State Department and USAID Management, International Operations, and Bilateral International Development|Western Hemisphere, Transnational Crime, Civilian Security, Democracy, Human Rights, and Global Women's Issues (Ranking Member)|Senate Committee on Health, Education, Labor, and Pensions|Education and the American Family|Employment and Workplace Safety|Senate Committee on the Budget",Catholic
Tim_Scott_SC,Tim Scott,Tim Scott,1965-09-19,Male,,"[{""degree"": ""BS"", ""institution"": ""charleston southern university"", ""year"": null}]","Senate Committee on Banking, Housing, and Urban Affairs (Chairman)|Economic Policy (Ex Officio)|Financial Institutions and Consumer Protection (Ex Officio)|Housing, Transportation, and Community Development (Ex Officio)|National Security and International Trade and Finance (Ex Officio)|Securities, Insurance, and Investment (Ex Officio)|Senate Committee on Finance|Energy, Natural Resources, and Infrastructure|Health Care|International Trade, Customs, and Global Competitiveness|Senate Committee on Health, Education, Labor, and Pensions|Education and the American Family|Employment and Workplace Safety|Senate Committee on Small Business and Entrepreneurship|Digital Assets (Ex Officio)",Protestant unspecified
Tim_Sheehy_MT,Tim Sheehy,Tim Sheehy,1985-11-18,Male,,"[{""degree"": ""BS"", ""institution"": ""united states naval academy"", ""year"": null}]","Senate Committee on Armed Services|Emerging Threats and Capabilities|Readiness and Management Support|Seapower|Senate Committee on Commerce, Science, and Transportation|Aviation, Space, and Innovation|Telecommunications and Media|Coast Guard, Maritime, and Fisheries|Senate Committee on Veterans' Affairs",Lutheran
Tina_Smith_MN,Tina Smith,Tina Smith,1958-03-04,Female,,"[{""degree"": ""BA"", ""institution"": ""stanford university"", ""year"": null}, {""degree"": ""MBA"", ""institution"": ""dartmouth college"", ""year"": null}]","Senate Committee on Agriculture, Nutrition, and Forestry|Food and Nutrition, Specialty Crops, Organics, and Research|Livestock, Dairy, Poultry, and Food Safety|Rural Development, Energy, and Credit|Senate Committee on Banking, Housing, and Urban Affairs|Economic Policy|Housing, Transportation, and Community Development (Ranking Member)|Senate Committee on Finance|Fiscal Responsibility and Economic Growth (Ranking Member)|Health Care|International Trade, Customs, and Global Competitiveness|Senate Committee on Indian Affairs|Digital Assets",Presbyterian
Todd_Young_IN,Todd Young,Todd Young,1972-08-24,Male,,"[{""degree"": ""BS"", ""institution"": ""united states naval academy"", ""year"": null}, {""degree"": ""MBA"", ""institution"": ""university chicago"", ""year"": null}, {""degree"": ""MA"", ""institution"": ""university london"", ""year"": null}, {""degree"": ""JD"", ""institution"": ""indiana university indianapolis"", ""year"": null}]","Senate Committee on Commerce, Science, and Transportation|Telecommunications and Media|Consumer Protection, Technology, and Data Privacy|Science, Manufacturing, and Competitiveness|Surface Transportation, Freight, Pipelines, and Safety (Chairman)|Senate Committee on Finance|Health Care (Chairman)|International Trade, Customs, and Global Competitiveness|Social Security, Pensions, and Family Policy|Senate Committee on Small Business and Entrepreneurship|Senate Select Committee on Intelligence",Protestant unspecified
Tom_Cotton_AR,Tom Cotton,Tom Cotton,1977-05-13,Male,,"[{""degree"": ""BA"", ""institution"": ""harvard university"", ""year"": null}, {""degree"": ""JD"", ""institution"": ""harvard university"", ""year"": null}, {""degree"": null, ""institution"": ""claremont graduate university"", ""year"": null}]","Senate Committee on Armed Services|Airland|Cybersecurity|Emerging Threats and Capabilities|Strategic Forces|Senate Committee on Energy and Natural Resources|Energy|Public Lands, Forests, and Mining|Joint Economic Committee|Senate Select Committee on Intelligence (Chairman)",Methodist
Tommy_Tuberville_AL,Tommy Tuberville,Tommy Tuberville,1954-09-18,Male,,"[{""degree"": ""BS"", ""institution"": ""southern arkansas university"", ""year"": null}]","Senate Committee on Agriculture, Nutrition, and Forestry|Commodities, Derivatives, Risk Management, and Trade|Food and Nutrition, Specialty Crops, Organics, and Research|Rural Development, Energy, and Credit|Senate Committee on Armed Services|Personnel (Chairman)|Seapower|Strategic Forces|Senate Committee on Health, Education, Labor, and Pensions|Education and the American Family (Chairman)|Employment and Workplace Safety|Senate Committee on Veterans' Affairs|Senate Special Committee on Aging",Restorationist
